Brand,Type,Product,Price
Zebronics,ADAPTOR,ADAPTOR 33W MULTIPROTOCOL (MA203 PRO) A279,523
Zebronics,ADAPTOR,ADAPTOR 35W DUAL PD PORT (MA101B WHITE),718
Zebronics,ADAPTOR,ADAPTOR (MA104B WHITE) ZEB,364
Zebronics,ADAPTOR,ADAPTOR (MA108B WHITE),380
Zebronics,Adaptor with Cable,ADAPTOR WITH MICRO USB CABLE (MA200 WHITE),179
Zebronics,Adaptor with Cable,ADAPTOR WITH TYPE C CABLE (MA100B WHITE),330
Zebronics,Adaptor with Cable,ADAPTOR WITH TYPE C CABLE (MA200 WHITE),195
Zebronics,Adaptor with Cable,ADAPTOR WITH TYPE C USB CABLE ( MA110B),178
Zebronics,Adaptor with Cable,CAR CHARGER WITH TYPE C CABLE CC242A3 (BLACK),186
Zebronics,Adaptor with Cable,CAR CHARGER WITH TYPE C CABLE CC38(BLACK),397
Zebronics,Charging Cable,Cable Type C to Lighting  LT200 (White)Zeb,253
Zebronics,Charging Cable,Micro Usb Cable MU240 - ZB CABLE (White),60
Zebronics,Charging Cable,TYPE C TO TYPE C CABLE TT27 PLUS (BLACK),101
Zebronics,Charging Cable,TYPE C TO TYPE C CABLE -TT65  (RED),135
Zebronics,Charging Cable,USB TO TYPE C CABLE TU240P PLUS (WHITE),72
Zebronics,Charging Cable,USB TO TYPE C CABLE ZEB-UT65 (RED),166
Zebronics,Eare Phones,EARBUDS PODS 416 BTH (CHIME R BLACK),825
Zebronics,Eare Phones,Eare Buds BTH (PODS ZI 12 WHITE),800
Zebronics,Eare Phones,Headphone WHP 11 BTH (PARADISE NEO R BLACK),825
Zebronics,Eare Phones,Headphone WHP 8 BTH (PARADISE PLUS BLACK),887
Zebronics,Eare Phones,H-ESCAPE 10 ZEB BLUETOOTH EARPHONE NBI 5 GREY,TBD
Zebronics,Eare Phones,H-ESCAPE 90 ZEB BLUETOOTH EARPHONE (SNB 2 BLACK),TBD
Zebronics,Eare Phones,STEREO EARPHONE WITH MIC (ARIA BLUE),219
Zebronics,Power Bank,Power Bank A267-ZEB MW70 10000MAH (BLACK),1350
Zebronics,Power Bank,POWER BANK A267-ZEB MW70 10000MAH CHARGER (WHITE),TBD
Zebronics,Power Bank,Power Bank OD PB17 10000 MAH (Black),557
Zebronics,Power Bank,Power Bank ZEB-MB 10000S10 PRO(Balck),634
Zebronics,Power Bank,Power Bannk 20000R5 PRO (BLACK),TBD
Zebronics,SPEAKER,Bar Speaker JUKEBAR 2500 WITH 2 MIC (SBSPK1),3951
Zebronics,SPEAKER,SPK-KSPK 7 PORTABLE BTH SPEAKER (BUDDY 150),3129
Zebronics,SPEAKER,SPK - PORTABLE BTH SPEAKER (SONO PLUS),4550
Zebronics,SPEAKER,SPK-PSPK 44 PORTABLE BTH SPEAKER (ASTRA 40 BLACK),1029
Zebronics,SPEAKER,SPK-PSPK 48 PORTABLE BTH SPEAKER (COUNTY PLUS BLACK),752
Zebronics,SPEAKER,SPK- PSPK 50 PORTABLE BTH SPEAKER (COUNTY 8 BLACK),566
Zebronics,SPEAKER,SPK- PSPK 52 PORTABLE BTH SPEAKER (ZEST 11),658
Zebronics,SPEAKER,SPK-PSPK 8 PORTABLE BTH SPEAKER (BUDDY 100),1477
Zebronics,SPEAKER,SPK-THUMP 802 BTH PORTABLE SPEAKER (DSPK 102),9138
Zebronics,SPEAKER,SPK-ZEB-101 ZEBRONICS BLUETOOTH TROLLEY MONSTER X8L,TBD
Zebronics,SPEAKER,SPK-ZEB COMPUTER MULTIMEDIA 2.1 SOUNDBAR SPEAKER (ABABA 1),7250
Zebronics,SPEAKER,SPK-ZEBRONICS PORTABLE BLUETOOTH BARREL 200,TBD
Zebronics,SPEAKER,SPK-ZEB SBSPK C17 MULTIMEDIA 2.0 JUKE BAR 1610,TBD
Zebronics,SPEAKER,TROLLEY DJ SPEAKER VIGOR 100,TBD